id,ShortCountries,Year,Value,Country
0,AFG,2020,12000.0,Afghanistan
1,ALB,2020,1400.0,Albania
2,DZA,2020,18000.0,Algeria
3,AGO,2020,340000.0,Angola
4,ARG,2020,140000.0,Argentina
5,ARM,2020,4800.0,Armenia
6,AUS,2020,30000.0,Australia
7,AZE,2020,9900.0,Azerbaijan
8,BHS,2020,4700.0,Bahamas
9,BLR,2020,28000.0,Belarus
10,BLZ,2020,3800.0,Belize
11,BEN,2020,75000.0,Benin
12,BOL,2020,17000.0,Bolivia
13,BWA,2020,370000.0,Botswana
14,BRA,2020,930000.0,Brazil
15,BFA,2020,97000.0,Burkina Faso
16,BDI,2020,83000.0,Burundi
17,KHM,2020,75000.0,Cambodia
18,CMR,2020,500000.0,Cameroon
19,CPV,2020,2400.0,Cape Verde
20,CAF,2020,88000.0,Central African Republic
21,CHL,2020,77000.0,Chile
22,COL,2020,180000.0,Colombia
23,CRI,2020,16000.0,Costa Rica
24,CIV,2020,380000.0,Côte d'Ivoire
25,HRV,2020,1700.0,Croatia
26,CUB,2020,33000.0,Cuba
27,COD,2020,510000.0,Democratic Republic of the Congo
28,DNK,2020,6700.0,Denmark
29,DJI,2020,6800.0,Djibouti
30,DOM,2020,75000.0,Dominican Republic
31,ECU,2020,45000.0,Ecuador
32,EGY,2020,24000.0,Egypt
33,SLV,2020,25000.0,El Salvador
34,GNQ,2020,68000.0,Equatorial Guinea
35,ERI,2020,13000.0,Eritrea
36,EST,2020,7100.0,Estonia
37,SWZ,2020,200000.0,Swaziland
38,ETH,2020,620000.0,Ethiopia
39,FJI,2020,1300.0,Fiji
40,GAB,2020,46000.0,Gabon
41,GMB,2020,27000.0,Gambia
42,GEO,2020,8400.0,Georgia
43,DEU,2020,93000.0,Germany
44,GHA,2020,350000.0,Ghana
45,GRC,2020,17000.0,Greece
46,GTM,2020,33000.0,Guatemala
47,GNB,2020,37000.0,Guinea-Bissau
48,GUY,2020,9000.0,Guyana
49,HTI,2020,150000.0,Haiti
50,HND,2020,22000.0,Honduras
51,IND,2020,2300000.0,India
52,IDN,2020,540000.0,Indonesia
53,IRN,2020,54000.0,"Iran, Islamic Republic of"
54,IRL,2020,7800.0,Ireland
55,ITA,2020,140000.0,Italy
56,JAM,2020,32000.0,Jamaica
57,JPN,2020,30000.0,Japan
58,JOR,2020,930.0,Jordan
59,KAZ,2020,35000.0,Kazakhstan
60,KEN,2020,1400000.0,Kenya
61,KGZ,2020,9200.0,Kyrgyzstan
62,LAO,2020,15000.0,Lao People's Democratic Republic
63,LBN,2020,2700.0,Lebanon
64,LSO,2020,280000.0,Lesotho
65,LBR,2020,35000.0,Liberia
66,LBY,2020,6700.0,Libyan Arab Jamahiriya
67,MDG,2020,42000.0,Madagascar
68,MWI,2020,990000.0,Malawi
69,MYS,2020,92000.0,Malaysia
70,MRT,2020,8500.0,Mauritania
71,MUS,2020,14000.0,Mauritius
72,MEX,2020,340000.0,Mexico
73,MNG,2020,650.0,Mongolia
74,MAR,2020,22000.0,Morocco
75,MOZ,2020,2100000.0,Mozambique
76,NAM,2020,210000.0,Namibia
77,NPL,2020,30000.0,Nepal
78,NLD,2020,24000.0,Netherlands
79,NZL,2020,3600.0,New Zealand
80,NIC,2020,12000.0,Nicaragua
81,NER,2020,31000.0,Niger
82,NGA,2020,1700000.0,Nigeria
83,PAK,2020,200000.0,Pakistan
84,PAN,2020,31000.0,Panama
85,PNG,2020,55000.0,Papua New Guinea
86,PRY,2020,19000.0,Paraguay
87,PER,2020,91000.0,Peru
88,PHL,2020,120000.0,Philippines
89,PRT,2020,42000.0,Portugal
90,MDA,2020,14000.0,Moldova
91,ROU,2020,19000.0,Romania
92,RWA,2020,220000.0,Rwanda
93,SAU,2020,12000.0,Saudi Arabia
94,SEN,2020,39000.0,Senegal
95,SRB,2020,3300.0,Serbia
96,SLE,2020,80000.0,Sierra Leone
97,SGP,2020,8000.0,Singapore
98,SVN,2020,810.0,Slovenia
99,SOM,2020,8700.0,Somalia
100,ZAF,2020,7800000.0,South Africa
101,SSD,2020,180000.0,NF
102,ESP,2020,150000.0,Spain
103,LKA,2020,3700.0,Sri Lanka
104,SDN,2020,49000.0,Sudan
105,SUR,2020,5200.0,Suriname
106,CHE,2020,17000.0,Switzerland
107,SYR,2020,840.0,Syrian Arab Republic
108,TJK,2020,14000.0,Tajikistan
109,THA,2020,500000.0,Thailand
110,TLS,2020,1200.0,Timor-Leste
111,TTO,2020,10000.0,Trinidad and Tobago
112,TUN,2020,4500.0,Tunisia
113,UGA,2020,1400000.0,Uganda
114,UKR,2020,260000.0,Ukraine
115,TZA,2020,1700000.0,United Republic of Tanzania
116,URY,2020,12000.0,Uruguay
117,UZB,2020,58000.0,Uzbekistan
118,VEN,2020,100000.0,Venezuela (Bolivarian Republic of)
119,VNM,2020,250000.0,Viet Nam
120,YEM,2020,11000.0,Yemen
121,ZMB,2020,1500000.0,Zambia
122,ZWE,2020,1300000.0,Zimbabwe
123,AFG,2019,11000.0,Afghanistan
124,ALB,2019,1400.0,Albania
125,DZA,2019,17000.0,Algeria
126,AGO,2019,340000.0,Angola
127,ARG,2019,140000.0,Argentina
128,ARM,2019,4500.0,Armenia
129,AUS,2019,29000.0,Australia
130,AZE,2019,9800.0,Azerbaijan
131,BHS,2019,4700.0,Bahamas
132,BLR,2019,28000.0,Belarus
133,BLZ,2019,3800.0,Belize
134,BEN,2019,75000.0,Benin
135,BOL,2019,17000.0,Bolivia
136,BWA,2019,370000.0,Botswana
137,BRA,2019,900000.0,Brazil
138,BFA,2019,99000.0,Burkina Faso
139,BDI,2019,83000.0,Burundi
140,KHM,2019,76000.0,Cambodia
141,CMR,2019,500000.0,Cameroon
142,CPV,2019,2300.0,Cape Verde
143,CAF,2019,90000.0,Central African Republic
144,CHL,2019,73000.0,Chile
145,COL,2019,180000.0,Colombia
146,CRI,2019,14000.0,Costa Rica
147,CIV,2019,390000.0,Côte d'Ivoire
148,HRV,2019,1600.0,Croatia
149,CUB,2019,32000.0,Cuba
150,COD,2019,510000.0,Democratic Republic of the Congo
151,DNK,2019,6600.0,Denmark
152,DJI,2019,7100.0,Djibouti
153,DOM,2019,74000.0,Dominican Republic
154,ECU,2019,44000.0,Ecuador
155,EGY,2019,21000.0,Egypt
156,SLV,2019,25000.0,El Salvador
157,GNQ,2019,65000.0,Equatorial Guinea
158,ERI,2019,13000.0,Eritrea
159,EST,2019,7000.0,Estonia
160,SWZ,2019,200000.0,Swaziland
161,ETH,2019,630000.0,Ethiopia
162,FJI,2019,1200.0,Fiji
163,GAB,2019,47000.0,Gabon
164,GMB,2019,27000.0,Gambia
165,GEO,2019,7800.0,Georgia
166,DEU,2019,91000.0,Germany
167,GHA,2019,340000.0,Ghana
168,GRC,2019,16000.0,Greece
169,GTM,2019,33000.0,Guatemala
170,GNB,2019,38000.0,Guinea-Bissau
171,GUY,2019,8800.0,Guyana
172,HTI,2019,150000.0,Haiti
173,HND,2019,22000.0,Honduras
174,IND,2019,2300000.0,India
175,IDN,2019,540000.0,Indonesia
176,IRN,2019,55000.0,"Iran, Islamic Republic of"
177,IRL,2019,7500.0,Ireland
178,ITA,2019,140000.0,Italy
179,JAM,2019,32000.0,Jamaica
180,JPN,2019,29000.0,Japan
181,JOR,2019,880.0,Jordan
182,KAZ,2019,32000.0,Kazakhstan
183,KEN,2019,1400000.0,Kenya
184,KGZ,2019,8700.0,Kyrgyzstan
185,LAO,2019,15000.0,Lao People's Democratic Republic
186,LBN,2019,2700.0,Lebanon
187,LSO,2019,290000.0,Lesotho
188,LBR,2019,35000.0,Liberia
189,LBY,2019,6400.0,Libyan Arab Jamahiriya
190,MDG,2019,38000.0,Madagascar
191,MWI,2019,990000.0,Malawi
192,MYS,2019,88000.0,Malaysia
193,MRT,2019,8600.0,Mauritania
194,MUS,2019,14000.0,Mauritius
195,MEX,2019,340000.0,Mexico
196,MNG,2019,620.0,Mongolia
197,MAR,2019,22000.0,Morocco
198,MOZ,2019,2000000.0,Mozambique
199,NAM,2019,210000.0,Namibia
200,NPL,2019,30000.0,Nepal
201,NLD,2019,24000.0,Netherlands
202,NZL,2019,3500.0,New Zealand
203,NIC,2019,11000.0,Nicaragua
204,NER,2019,32000.0,Niger
205,NGA,2019,1700000.0,Nigeria
206,PAK,2019,180000.0,Pakistan
207,PAN,2019,30000.0,Panama
208,PNG,2019,52000.0,Papua New Guinea
209,PRY,2019,18000.0,Paraguay
210,PER,2019,87000.0,Peru
211,PHL,2019,100000.0,Philippines
212,PRT,2019,42000.0,Portugal
213,MDA,2019,14000.0,Moldova
214,ROU,2019,19000.0,Romania
215,RWA,2019,220000.0,Rwanda
216,SAU,2019,11000.0,Saudi Arabia
217,SEN,2019,40000.0,Senegal
218,SRB,2019,3200.0,Serbia
219,SLE,2019,79000.0,Sierra Leone
220,SGP,2019,8000.0,Singapore
221,SVN,2019,810.0,Slovenia
222,SOM,2019,8900.0,Somalia
223,ZAF,2019,7700000.0,South Africa
224,SSD,2019,180000.0,NF
225,ESP,2019,150000.0,Spain
226,LKA,2019,3700.0,Sri Lanka
227,SDN,2019,47000.0,Sudan
228,SUR,2019,5200.0,Suriname
229,CHE,2019,17000.0,Switzerland
230,SYR,2019,780.0,Syrian Arab Republic
231,TJK,2019,14000.0,Tajikistan
232,THA,2019,510000.0,Thailand
233,TLS,2019,1200.0,Timor-Leste
234,TTO,2019,11000.0,Trinidad and Tobago
235,TUN,2019,4200.0,Tunisia
236,UGA,2019,1400000.0,Uganda
237,UKR,2019,250000.0,Ukraine
238,TZA,2019,1700000.0,United Republic of Tanzania
239,USA,2019,1200000.0,United States of America
240,URY,2019,11000.0,Uruguay
241,UZB,2019,56000.0,Uzbekistan
242,VEN,2019,100000.0,Venezuela (Bolivarian Republic of)
243,VNM,2019,250000.0,Viet Nam
244,YEM,2019,9800.0,Yemen
245,ZMB,2019,1400000.0,Zambia
246,ZWE,2019,1300000.0,Zimbabwe
247,AFG,2018,10000.0,Afghanistan
248,ALB,2018,1300.0,Albania
249,DZA,2018,15000.0,Algeria
250,AGO,2018,330000.0,Angola
251,ARG,2018,130000.0,Argentina
252,ARM,2018,4400.0,Armenia
253,AUS,2018,28000.0,Australia
254,AZE,2018,9600.0,Azerbaijan
255,BHS,2018,4700.0,Bahamas
256,BLR,2018,27000.0,Belarus
257,BLZ,2018,3700.0,Belize
258,BEN,2018,76000.0,Benin
259,BOL,2018,16000.0,Bolivia
260,BWA,2018,370000.0,Botswana
261,BRA,2018,870000.0,Brazil
262,BFA,2018,100000.0,Burkina Faso
263,BDI,2018,84000.0,Burundi
264,KHM,2018,76000.0,Cambodia
265,CMR,2018,500000.0,Cameroon
266,CAN,2018,62000.0,Canada
267,CPV,2018,2300.0,Cape Verde
268,CAF,2018,92000.0,Central African Republic
269,CHL,2018,68000.0,Chile
270,COL,2018,170000.0,Colombia
271,CRI,2018,13000.0,Costa Rica
272,CIV,2018,400000.0,Côte d'Ivoire
273,HRV,2018,1600.0,Croatia
274,CUB,2018,30000.0,Cuba
275,COD,2018,500000.0,Democratic Republic of the Congo
276,DNK,2018,6500.0,Denmark
277,DJI,2018,7300.0,Djibouti
278,DOM,2018,73000.0,Dominican Republic
279,ECU,2018,42000.0,Ecuador
280,EGY,2018,18000.0,Egypt
281,SLV,2018,25000.0,El Salvador
282,GNQ,2018,62000.0,Equatorial Guinea
283,ERI,2018,13000.0,Eritrea
284,EST,2018,6900.0,Estonia
285,SWZ,2018,200000.0,Swaziland
286,ETH,2018,630000.0,Ethiopia
287,FJI,2018,1100.0,Fiji
288,GAB,2018,47000.0,Gabon
289,GMB,2018,26000.0,Gambia
290,GEO,2018,7300.0,Georgia
291,DEU,2018,89000.0,Germany
292,GHA,2018,340000.0,Ghana
293,GRC,2018,15000.0,Greece
294,GTM,2018,34000.0,Guatemala
295,GNB,2018,38000.0,Guinea-Bissau
296,GUY,2018,8700.0,Guyana
297,HTI,2018,150000.0,Haiti
298,HND,2018,22000.0,Honduras
299,IND,2018,2400000.0,India
300,IDN,2018,540000.0,Indonesia
301,IRN,2018,56000.0,"Iran, Islamic Republic of"
302,IRL,2018,7100.0,Ireland
303,ITA,2018,130000.0,Italy
304,JAM,2018,32000.0,Jamaica
305,JPN,2018,29000.0,Japan
306,JOR,2018,830.0,Jordan
307,KAZ,2018,29000.0,Kazakhstan
308,KEN,2018,1400000.0,Kenya
309,KGZ,2018,8100.0,Kyrgyzstan
310,LAO,2018,14000.0,Lao People's Democratic Republic
311,LBN,2018,2600.0,Lebanon
312,LSO,2018,290000.0,Lesotho
313,LBR,2018,35000.0,Liberia
314,LBY,2018,6200.0,Libyan Arab Jamahiriya
315,MDG,2018,34000.0,Madagascar
316,MWI,2018,990000.0,Malawi
317,MYS,2018,85000.0,Malaysia
318,MRT,2018,8600.0,Mauritania
319,MUS,2018,14000.0,Mauritius
320,MEX,2018,320000.0,Mexico
321,MNG,2018,600.0,Mongolia
322,MAR,2018,21000.0,Morocco
323,MOZ,2018,2000000.0,Mozambique
324,NAM,2018,210000.0,Namibia
325,NPL,2018,29000.0,Nepal
326,NLD,2018,24000.0,Netherlands
327,NZL,2018,3400.0,New Zealand
328,NIC,2018,11000.0,Nicaragua
329,NER,2018,32000.0,Niger
330,NGA,2018,1700000.0,Nigeria
331,PAK,2018,170000.0,Pakistan
332,PAN,2018,29000.0,Panama
333,PNG,2018,50000.0,Papua New Guinea
334,PRY,2018,18000.0,Paraguay
335,PER,2018,83000.0,Peru
336,PHL,2018,85000.0,Philippines
337,PRT,2018,41000.0,Portugal
338,MDA,2018,14000.0,Moldova
339,ROU,2018,19000.0,Romania
340,RWA,2018,220000.0,Rwanda
341,SAU,2018,9900.0,Saudi Arabia
342,SEN,2018,40000.0,Senegal
343,SRB,2018,3000.0,Serbia
344,SLE,2018,77000.0,Sierra Leone
345,SGP,2018,8000.0,Singapore
346,SVN,2018,800.0,Slovenia
347,SOM,2018,9300.0,Somalia
348,ZAF,2018,7500000.0,South Africa
349,SSD,2018,170000.0,NF
350,ESP,2018,150000.0,Spain
351,LKA,2018,3700.0,Sri Lanka
352,SDN,2018,46000.0,Sudan
353,SUR,2018,5200.0,Suriname
354,CHE,2018,17000.0,Switzerland
355,SYR,2018,740.0,Syrian Arab Republic
356,TJK,2018,13000.0,Tajikistan
357,THA,2018,520000.0,Thailand
358,TLS,2018,1100.0,Timor-Leste
359,TTO,2018,11000.0,Trinidad and Tobago
360,TUN,2018,4000.0,Tunisia
361,UGA,2018,1400000.0,Uganda
362,UKR,2018,240000.0,Ukraine
363,TZA,2018,1700000.0,United Republic of Tanzania
364,USA,2018,1200000.0,United States of America
365,URY,2018,11000.0,Uruguay
366,UZB,2018,53000.0,Uzbekistan
367,VNM,2018,240000.0,Viet Nam
368,YEM,2018,9200.0,Yemen
369,ZMB,2018,1400000.0,Zambia
370,ZWE,2018,1300000.0,Zimbabwe
371,AFG,2017,9200.0,Afghanistan
372,ALB,2017,1300.0,Albania
373,DZA,2017,14000.0,Algeria
374,AGO,2017,320000.0,Angola
375,ARG,2017,130000.0,Argentina
376,ARM,2017,4200.0,Armenia
377,AUS,2017,27000.0,Australia
378,AZE,2017,9400.0,Azerbaijan
379,BHS,2017,4700.0,Bahamas
380,BLR,2017,25000.0,Belarus
381,BLZ,2017,3600.0,Belize
382,BEN,2017,75000.0,Benin
383,BOL,2017,15000.0,Bolivia
384,BWA,2017,370000.0,Botswana
385,BRA,2017,840000.0,Brazil
386,BFA,2017,100000.0,Burkina Faso
387,BDI,2017,85000.0,Burundi
388,KHM,2017,77000.0,Cambodia
389,CMR,2017,510000.0,Cameroon
390,CAN,2017,60000.0,Canada
391,CPV,2017,2200.0,Cape Verde
392,CAF,2017,94000.0,Central African Republic
393,CHL,2017,63000.0,Chile
394,COL,2017,160000.0,Colombia
395,COG,2017,100000.0,Congo
396,CRI,2017,12000.0,Costa Rica
397,CIV,2017,410000.0,Côte d'Ivoire
398,HRV,2017,1500.0,Croatia
399,CUB,2017,29000.0,Cuba
400,COD,2017,500000.0,Democratic Republic of the Congo
401,DNK,2017,6500.0,Denmark
402,DJI,2017,7600.0,Djibouti
403,DOM,2017,73000.0,Dominican Republic
404,ECU,2017,40000.0,Ecuador
405,EGY,2017,16000.0,Egypt
406,SLV,2017,25000.0,El Salvador
407,GNQ,2017,58000.0,Equatorial Guinea
408,ERI,2017,13000.0,Eritrea
409,EST,2017,6700.0,Estonia
410,SWZ,2017,200000.0,Swaziland
411,ETH,2017,640000.0,Ethiopia
412,FJI,2017,960.0,Fiji
413,GAB,2017,47000.0,Gabon
414,GMB,2017,25000.0,Gambia
415,GEO,2017,6800.0,Georgia
416,DEU,2017,87000.0,Germany
417,GHA,2017,340000.0,Ghana
418,GRC,2017,15000.0,Greece
419,GTM,2017,34000.0,Guatemala
420,GNB,2017,38000.0,Guinea-Bissau
421,GUY,2017,8600.0,Guyana
422,HTI,2017,150000.0,Haiti
423,HND,2017,23000.0,Honduras
424,IND,2017,2400000.0,India
425,IDN,2017,530000.0,Indonesia
426,IRN,2017,58000.0,"Iran, Islamic Republic of"
427,IRL,2017,6800.0,Ireland
428,ITA,2017,130000.0,Italy
429,JAM,2017,31000.0,Jamaica
430,JPN,2017,28000.0,Japan
431,JOR,2017,780.0,Jordan
432,KAZ,2017,27000.0,Kazakhstan
433,KEN,2017,1400000.0,Kenya
434,KGZ,2017,7500.0,Kyrgyzstan
435,LAO,2017,14000.0,Lao People's Democratic Republic
436,LBN,2017,2500.0,Lebanon
437,LSO,2017,290000.0,Lesotho
438,LBR,2017,36000.0,Liberia
439,LBY,2017,6000.0,Libyan Arab Jamahiriya
440,MDG,2017,31000.0,Madagascar
441,MWI,2017,990000.0,Malawi
442,MYS,2017,82000.0,Malaysia
443,MRT,2017,8800.0,Mauritania
444,MUS,2017,14000.0,Mauritius
445,MEX,2017,310000.0,Mexico
446,MNG,2017,580.0,Mongolia
447,MAR,2017,21000.0,Morocco
448,MOZ,2017,1900000.0,Mozambique
449,NAM,2017,200000.0,Namibia
450,NPL,2017,29000.0,Nepal
451,NLD,2017,23000.0,Netherlands
452,NZL,2017,3300.0,New Zealand
453,NIC,2017,10000.0,Nicaragua
454,NER,2017,32000.0,Niger
455,NGA,2017,1700000.0,Nigeria
456,PAK,2017,160000.0,Pakistan
457,PAN,2017,27000.0,Panama
458,PNG,2017,47000.0,Papua New Guinea
459,PRY,2017,17000.0,Paraguay
460,PER,2017,78000.0,Peru
461,PHL,2017,73000.0,Philippines
462,PRT,2017,41000.0,Portugal
463,MDA,2017,14000.0,Moldova
464,ROU,2017,18000.0,Romania
465,RWA,2017,220000.0,Rwanda
466,SAU,2017,9000.0,Saudi Arabia
467,SEN,2017,41000.0,Senegal
468,SRB,2017,2900.0,Serbia
469,SLE,2017,76000.0,Sierra Leone
470,SGP,2017,7900.0,Singapore
471,SVN,2017,790.0,Slovenia
472,SOM,2017,9600.0,Somalia
473,ZAF,2017,7400000.0,South Africa
474,SSD,2017,170000.0,NF
475,ESP,2017,150000.0,Spain
476,LKA,2017,3800.0,Sri Lanka
477,SDN,2017,45000.0,Sudan
478,SUR,2017,5200.0,Suriname
479,CHE,2017,17000.0,Switzerland
480,SYR,2017,710.0,Syrian Arab Republic
481,TJK,2017,12000.0,Tajikistan
482,THA,2017,530000.0,Thailand
483,TLS,2017,1000.0,Timor-Leste
484,TTO,2017,11000.0,Trinidad and Tobago
485,TUN,2017,3800.0,Tunisia
486,UGA,2017,1400000.0,Uganda
487,UKR,2017,240000.0,Ukraine
488,TZA,2017,1600000.0,United Republic of Tanzania
489,USA,2017,1100000.0,United States of America
490,URY,2017,10000.0,Uruguay
491,UZB,2017,50000.0,Uzbekistan
492,VNM,2017,240000.0,Viet Nam
493,YEM,2017,8600.0,Yemen
494,ZMB,2017,1300000.0,Zambia
495,ZWE,2017,1300000.0,Zimbabwe
496,AFG,2016,8400.0,Afghanistan
497,ALB,2016,1200.0,Albania
498,DZA,2016,12000.0,Algeria
499,AGO,2016,320000.0,Angola
500,ARG,2016,120000.0,Argentina
501,ARM,2016,4100.0,Armenia
502,AUS,2016,26000.0,Australia
503,AZE,2016,9300.0,Azerbaijan
504,BHS,2016,4800.0,Bahamas
505,BLR,2016,24000.0,Belarus
506,BLZ,2016,3500.0,Belize
507,BEN,2016,75000.0,Benin
508,BOL,2016,15000.0,Bolivia
509,BWA,2016,360000.0,Botswana
510,BRA,2016,810000.0,Brazil
511,BDI,2016,86000.0,Burundi
512,KHM,2016,78000.0,Cambodia
513,CMR,2016,510000.0,Cameroon
514,CAN,2016,58000.0,Canada
515,CPV,2016,2200.0,Cape Verde
516,CAF,2016,96000.0,Central African Republic
517,CHL,2016,58000.0,Chile
518,COL,2016,160000.0,Colombia
519,COG,2016,100000.0,Congo
520,CRI,2016,11000.0,Costa Rica
521,CIV,2016,420000.0,Côte d'Ivoire
522,HRV,2016,1500.0,Croatia
523,CUB,2016,27000.0,Cuba
524,COD,2016,500000.0,Democratic Republic of the Congo
525,DNK,2016,6400.0,Denmark
526,DJI,2016,8000.0,Djibouti
527,DOM,2016,72000.0,Dominican Republic
528,ECU,2016,39000.0,Ecuador
529,EGY,2016,14000.0,Egypt
530,SLV,2016,25000.0,El Salvador
531,GNQ,2016,55000.0,Equatorial Guinea
532,ERI,2016,14000.0,Eritrea
533,EST,2016,6600.0,Estonia
534,SWZ,2016,200000.0,Swaziland
535,ETH,2016,640000.0,Ethiopia
536,FJI,2016,880.0,Fiji
537,GAB,2016,47000.0,Gabon
538,GMB,2016,25000.0,Gambia
539,GEO,2016,6200.0,Georgia
540,DEU,2016,84000.0,Germany
541,GHA,2016,330000.0,Ghana
542,GRC,2016,14000.0,Greece
543,GTM,2016,34000.0,Guatemala
544,GNB,2016,38000.0,Guinea-Bissau
545,GUY,2016,8400.0,Guyana
546,HTI,2016,150000.0,Haiti
547,HND,2016,23000.0,Honduras
548,IND,2016,2400000.0,India
549,IDN,2016,520000.0,Indonesia
550,IRN,2016,60000.0,"Iran, Islamic Republic of"
551,IRL,2016,6400.0,Ireland
552,ITA,2016,130000.0,Italy
553,JAM,2016,31000.0,Jamaica
554,JPN,2016,28000.0,Japan
555,JOR,2016,730.0,Jordan
556,KAZ,2016,24000.0,Kazakhstan
557,KEN,2016,1400000.0,Kenya
558,KGZ,2016,7000.0,Kyrgyzstan
559,LAO,2016,13000.0,Lao People's Democratic Republic
560,LBN,2016,2400.0,Lebanon
561,LSO,2016,290000.0,Lesotho
562,LBR,2016,36000.0,Liberia
563,LBY,2016,5800.0,Libyan Arab Jamahiriya
564,MDG,2016,28000.0,Madagascar
565,MWI,2016,980000.0,Malawi
566,MYS,2016,80000.0,Malaysia
567,MRT,2016,8900.0,Mauritania
568,MUS,2016,14000.0,Mauritius
569,MEX,2016,300000.0,Mexico
570,MAR,2016,21000.0,Morocco
571,MOZ,2016,1900000.0,Mozambique
572,NAM,2016,200000.0,Namibia
573,NPL,2016,29000.0,Nepal
574,NLD,2016,23000.0,Netherlands
575,NZL,2016,3200.0,New Zealand
576,NIC,2016,9800.0,Nicaragua
577,NER,2016,32000.0,Niger
578,NGA,2016,1600000.0,Nigeria
579,PAK,2016,140000.0,Pakistan
580,PAN,2016,26000.0,Panama
581,PNG,2016,45000.0,Papua New Guinea
582,PRY,2016,17000.0,Paraguay
583,PER,2016,74000.0,Peru
584,PHL,2016,61000.0,Philippines
585,PRT,2016,41000.0,Portugal
586,MDA,2016,14000.0,Moldova
587,ROU,2016,18000.0,Romania
588,RWA,2016,220000.0,Rwanda
589,SAU,2016,8200.0,Saudi Arabia
590,SEN,2016,41000.0,Senegal
591,SRB,2016,2700.0,Serbia
592,SLE,2016,75000.0,Sierra Leone
593,SGP,2016,7700.0,Singapore
594,SVN,2016,780.0,Slovenia
595,SOM,2016,10000.0,Somalia
596,ZAF,2016,7200000.0,South Africa
597,SSD,2016,160000.0,NF
598,ESP,2016,140000.0,Spain
599,LKA,2016,3800.0,Sri Lanka
600,SDN,2016,45000.0,Sudan
601,SUR,2016,5100.0,Suriname
602,CHE,2016,17000.0,Switzerland
603,SYR,2016,690.0,Syrian Arab Republic
604,TJK,2016,12000.0,Tajikistan
605,THA,2016,540000.0,Thailand
606,TLS,2016,910.0,Timor-Leste
607,TTO,2016,11000.0,Trinidad and Tobago
608,TUN,2016,3600.0,Tunisia
609,UGA,2016,1300000.0,Uganda
610,UKR,2016,230000.0,Ukraine
611,TZA,2016,1600000.0,United Republic of Tanzania
612,USA,2016,1100000.0,United States of America
613,URY,2016,9800.0,Uruguay
614,UZB,2016,47000.0,Uzbekistan
615,VEN,2016,120000.0,Venezuela (Bolivarian Republic of)
616,VNM,2016,240000.0,Viet Nam
617,YEM,2016,8000.0,Yemen
618,ZMB,2016,1300000.0,Zambia
619,ZWE,2016,1300000.0,Zimbabwe
620,AFG,2015,7600.0,Afghanistan
621,ALB,2015,1100.0,Albania
622,DZA,2015,11000.0,Algeria
623,AGO,2015,310000.0,Angola
624,ARG,2015,120000.0,Argentina
625,ARM,2015,4000.0,Armenia
626,AUS,2015,26000.0,Australia
627,AZE,2015,9100.0,Azerbaijan
628,BHS,2015,4800.0,Bahamas
629,BLR,2015,23000.0,Belarus
630,BLZ,2015,3400.0,Belize
631,BEN,2015,75000.0,Benin
632,BOL,2015,14000.0,Bolivia
633,BWA,2015,360000.0,Botswana
634,BRA,2015,790000.0,Brazil
635,BDI,2015,87000.0,Burundi
636,KHM,2015,79000.0,Cambodia
637,CMR,2015,520000.0,Cameroon
638,CAN,2015,57000.0,Canada
639,CPV,2015,2100.0,Cape Verde
640,CAF,2015,100000.0,Central African Republic
641,CHL,2015,54000.0,Chile
642,COL,2015,150000.0,Colombia
643,COG,2015,98000.0,Congo
644,CRI,2015,10000.0,Costa Rica
645,CIV,2015,430000.0,Côte d'Ivoire
646,HRV,2015,1400.0,Croatia
647,CUB,2015,26000.0,Cuba
648,COD,2015,510000.0,Democratic Republic of the Congo
649,DNK,2015,6200.0,Denmark
650,DJI,2015,8300.0,Djibouti
651,DOM,2015,72000.0,Dominican Republic
652,ECU,2015,37000.0,Ecuador
653,EGY,2015,12000.0,Egypt
654,SLV,2015,24000.0,El Salvador
655,GNQ,2015,52000.0,Equatorial Guinea
656,ERI,2015,14000.0,Eritrea
657,EST,2015,6500.0,Estonia
658,SWZ,2015,200000.0,Swaziland
659,ETH,2015,640000.0,Ethiopia
660,FJI,2015,800.0,Fiji
661,GAB,2015,47000.0,Gabon
662,GMB,2015,24000.0,Gambia
663,GEO,2015,5700.0,Georgia
664,DEU,2015,82000.0,Germany
665,GHA,2015,330000.0,Ghana
666,GRC,2015,14000.0,Greece
667,GTM,2015,35000.0,Guatemala
668,GIN,2015,100000.0,Guinea
669,GNB,2015,38000.0,Guinea-Bissau
670,GUY,2015,8200.0,Guyana
671,HTI,2015,150000.0,Haiti
672,HND,2015,23000.0,Honduras
673,IND,2015,2400000.0,India
674,IDN,2015,510000.0,Indonesia
675,IRN,2015,62000.0,"Iran, Islamic Republic of"
676,IRL,2015,6100.0,Ireland
677,ITA,2015,130000.0,Italy
678,JAM,2015,30000.0,Jamaica
679,JPN,2015,27000.0,Japan
680,JOR,2015,680.0,Jordan
681,KAZ,2015,22000.0,Kazakhstan
682,KEN,2015,1400000.0,Kenya
683,KGZ,2015,6400.0,Kyrgyzstan
684,LAO,2015,12000.0,Lao People's Democratic Republic
685,LBN,2015,2200.0,Lebanon
686,LSO,2015,290000.0,Lesotho
687,LBR,2015,37000.0,Liberia
688,LBY,2015,5700.0,Libyan Arab Jamahiriya
689,MDG,2015,24000.0,Madagascar
690,MWI,2015,970000.0,Malawi
691,MYS,2015,78000.0,Malaysia
692,MRT,2015,9000.0,Mauritania
693,MUS,2015,14000.0,Mauritius
694,MEX,2015,280000.0,Mexico
695,MAR,2015,20000.0,Morocco
696,MOZ,2015,1800000.0,Mozambique
697,NAM,2015,200000.0,Namibia
698,NPL,2015,29000.0,Nepal
699,NLD,2015,23000.0,Netherlands
700,NZL,2015,3000.0,New Zealand
701,NIC,2015,9400.0,Nicaragua
702,NER,2015,33000.0,Niger
703,NGA,2015,1600000.0,Nigeria
704,PAK,2015,130000.0,Pakistan
705,PAN,2015,25000.0,Panama
706,PNG,2015,42000.0,Papua New Guinea
707,PRY,2015,17000.0,Paraguay
708,PER,2015,70000.0,Peru
709,PHL,2015,51000.0,Philippines
710,PRT,2015,40000.0,Portugal
711,MDA,2015,14000.0,Moldova
712,ROU,2015,17000.0,Romania
713,RWA,2015,220000.0,Rwanda
714,SAU,2015,7500.0,Saudi Arabia
715,SEN,2015,42000.0,Senegal
716,SRB,2015,2600.0,Serbia
717,SLE,2015,73000.0,Sierra Leone
718,SGP,2015,7600.0,Singapore
719,SOM,2015,11000.0,Somalia
720,ZAF,2015,7000000.0,South Africa
721,SSD,2015,160000.0,NF
722,ESP,2015,140000.0,Spain
723,LKA,2015,3800.0,Sri Lanka
724,SDN,2015,44000.0,Sudan
725,SUR,2015,5100.0,Suriname
726,CHE,2015,17000.0,Switzerland
727,SYR,2015,660.0,Syrian Arab Republic
728,TJK,2015,11000.0,Tajikistan
729,THA,2015,550000.0,Thailand
730,TLS,2015,830.0,Timor-Leste
731,TTO,2015,11000.0,Trinidad and Tobago
732,TUN,2015,3400.0,Tunisia
733,UGA,2015,1300000.0,Uganda
734,UKR,2015,230000.0,Ukraine
735,TZA,2015,1600000.0,United Republic of Tanzania
736,USA,2015,1100000.0,United States of America
737,URY,2015,9400.0,Uruguay
738,UZB,2015,43000.0,Uzbekistan
739,VEN,2015,120000.0,Venezuela (Bolivarian Republic of)
740,VNM,2015,240000.0,Viet Nam
741,YEM,2015,7400.0,Yemen
742,ZMB,2015,1300000.0,Zambia
743,ZWE,2015,1300000.0,Zimbabwe
744,AFG,2014,6900.0,Afghanistan
745,ALB,2014,1000.0,Albania
746,DZA,2014,9400.0,Algeria
747,AGO,2014,300000.0,Angola
748,ARG,2014,120000.0,Argentina
749,ARM,2014,3900.0,Armenia
750,AUS,2014,25000.0,Australia
751,AZE,2014,9100.0,Azerbaijan
752,BHS,2014,4800.0,Bahamas
753,BLR,2014,21000.0,Belarus
754,BLZ,2014,3300.0,Belize
755,BEN,2014,74000.0,Benin
756,BOL,2014,13000.0,Bolivia
757,BWA,2014,350000.0,Botswana
758,BRA,2014,760000.0,Brazil
759,BDI,2014,88000.0,Burundi
760,KHM,2014,80000.0,Cambodia
761,CMR,2014,520000.0,Cameroon
762,CAN,2014,55000.0,Canada
763,CPV,2014,2100.0,Cape Verde
764,CAF,2014,100000.0,Central African Republic
765,CHL,2014,49000.0,Chile
766,COL,2014,140000.0,Colombia
767,COG,2014,95000.0,Congo
768,CRI,2014,9200.0,Costa Rica
769,CIV,2014,440000.0,Côte d'Ivoire
770,HRV,2014,1300.0,Croatia
771,CUB,2014,24000.0,Cuba
772,COD,2014,510000.0,Democratic Republic of the Congo
773,DNK,2014,6100.0,Denmark
774,DJI,2014,8800.0,Djibouti
775,DOM,2014,72000.0,Dominican Republic
776,ECU,2014,36000.0,Ecuador
777,EGY,2014,10000.0,Egypt
778,SLV,2014,24000.0,El Salvador
779,GNQ,2014,48000.0,Equatorial Guinea
780,ERI,2014,14000.0,Eritrea
781,EST,2014,6300.0,Estonia
782,SWZ,2014,190000.0,Swaziland
783,ETH,2014,640000.0,Ethiopia
784,FJI,2014,720.0,Fiji
785,GAB,2014,47000.0,Gabon
786,GMB,2014,24000.0,Gambia
787,GEO,2014,5200.0,Georgia
788,DEU,2014,80000.0,Germany
789,GHA,2014,320000.0,Ghana
790,GRC,2014,14000.0,Greece
791,GTM,2014,35000.0,Guatemala
792,GIN,2014,100000.0,Guinea
793,GNB,2014,38000.0,Guinea-Bissau
794,GUY,2014,8000.0,Guyana
795,HTI,2014,140000.0,Haiti
796,HND,2014,23000.0,Honduras
797,IND,2014,2500000.0,India
798,IDN,2014,500000.0,Indonesia
799,IRN,2014,64000.0,"Iran, Islamic Republic of"
800,IRL,2014,5800.0,Ireland
801,ITA,2014,120000.0,Italy
802,JAM,2014,30000.0,Jamaica
803,JPN,2014,26000.0,Japan
804,JOR,2014,640.0,Jordan
805,KAZ,2014,20000.0,Kazakhstan
806,KEN,2014,1400000.0,Kenya
807,KGZ,2014,5900.0,Kyrgyzstan
808,LAO,2014,12000.0,Lao People's Democratic Republic
809,LBN,2014,2100.0,Lebanon
810,LSO,2014,290000.0,Lesotho
811,LBR,2014,38000.0,Liberia
812,LBY,2014,5600.0,Libyan Arab Jamahiriya
813,MDG,2014,21000.0,Madagascar
814,MWI,2014,960000.0,Malawi
815,MYS,2014,77000.0,Malaysia
816,MRT,2014,9200.0,Mauritania
817,MUS,2014,13000.0,Mauritius
818,MEX,2014,270000.0,Mexico
819,MAR,2014,20000.0,Morocco
820,MOZ,2014,1700000.0,Mozambique
821,NAM,2014,200000.0,Namibia
822,NPL,2014,29000.0,Nepal
823,NLD,2014,22000.0,Netherlands
824,NZL,2014,2900.0,New Zealand
825,NIC,2014,9000.0,Nicaragua
826,NER,2014,34000.0,Niger
827,NGA,2014,1500000.0,Nigeria
828,PAN,2014,24000.0,Panama
829,PNG,2014,40000.0,Papua New Guinea
830,PRY,2014,16000.0,Paraguay
831,PER,2014,67000.0,Peru
832,PHL,2014,42000.0,Philippines
833,PRT,2014,40000.0,Portugal
834,MDA,2014,14000.0,Moldova
835,ROU,2014,17000.0,Romania
836,RWA,2014,220000.0,Rwanda
837,SAU,2014,6800.0,Saudi Arabia
838,SEN,2014,43000.0,Senegal
839,SRB,2014,2400.0,Serbia
840,SLE,2014,72000.0,Sierra Leone
841,SGP,2014,7400.0,Singapore
842,SOM,2014,11000.0,Somalia
843,ZAF,2014,6800000.0,South Africa
844,SSD,2014,160000.0,NF
845,ESP,2014,140000.0,Spain
846,LKA,2014,3800.0,Sri Lanka
847,SDN,2014,44000.0,Sudan
848,SUR,2014,5000.0,Suriname
849,CHE,2014,16000.0,Switzerland
850,SYR,2014,640.0,Syrian Arab Republic
851,TJK,2014,9900.0,Tajikistan
852,THA,2014,560000.0,Thailand
853,TLS,2014,750.0,Timor-Leste
854,TTO,2014,11000.0,Trinidad and Tobago
855,TUN,2014,3300.0,Tunisia
856,UGA,2014,1300000.0,Uganda
857,UKR,2014,230000.0,Ukraine
858,ARE,2014,500.0,United Arab Emirates
859,TZA,2014,1500000.0,United Republic of Tanzania
860,USA,2014,1100000.0,United States of America
861,URY,2014,9000.0,Uruguay
862,UZB,2014,40000.0,Uzbekistan
863,VEN,2014,120000.0,Venezuela (Bolivarian Republic of)
864,VNM,2014,230000.0,Viet Nam
865,YEM,2014,6900.0,Yemen
866,ZMB,2014,1200000.0,Zambia
867,ZWE,2014,1300000.0,Zimbabwe
868,AFG,2013,6300.0,Afghanistan
869,ALB,2013,910.0,Albania
870,DZA,2013,8200.0,Algeria
871,AGO,2013,290000.0,Angola
872,ARM,2013,3900.0,Armenia
873,AUS,2013,24000.0,Australia
874,AZE,2013,8900.0,Azerbaijan
875,BHS,2013,4800.0,Bahamas
876,BLR,2013,19000.0,Belarus
877,BLZ,2013,3200.0,Belize
878,BEN,2013,73000.0,Benin
879,BOL,2013,13000.0,Bolivia
880,BWA,2013,350000.0,Botswana
881,BRA,2013,730000.0,Brazil
882,BFA,2013,120000.0,Burkina Faso
883,BDI,2013,90000.0,Burundi
884,KHM,2013,80000.0,Cambodia
885,CMR,2013,520000.0,Cameroon
886,CAN,2013,54000.0,Canada
887,CPV,2013,2000.0,Cape Verde
888,CHL,2013,46000.0,Chile
889,COL,2013,140000.0,Colombia
890,COG,2013,93000.0,Congo
891,CRI,2013,8600.0,Costa Rica
892,CIV,2013,460000.0,Côte d'Ivoire
893,HRV,2013,1300.0,Croatia
894,CUB,2013,23000.0,Cuba
895,COD,2013,520000.0,Democratic Republic of the Congo
896,DNK,2013,6000.0,Denmark
897,DJI,2013,9300.0,Djibouti
898,DOM,2013,72000.0,Dominican Republic
899,ECU,2013,35000.0,Ecuador
900,EGY,2013,8600.0,Egypt
901,SLV,2013,23000.0,El Salvador
902,GNQ,2013,45000.0,Equatorial Guinea
903,ERI,2013,15000.0,Eritrea
904,EST,2013,6200.0,Estonia
905,SWZ,2013,190000.0,Swaziland
906,ETH,2013,640000.0,Ethiopia
907,GAB,2013,47000.0,Gabon
908,GMB,2013,23000.0,Gambia
909,GEO,2013,4600.0,Georgia
910,DEU,2013,77000.0,Germany
911,GHA,2013,320000.0,Ghana
912,GRC,2013,13000.0,Greece
913,GTM,2013,35000.0,Guatemala
914,GIN,2013,99000.0,Guinea
915,GNB,2013,38000.0,Guinea-Bissau
916,GUY,2013,7800.0,Guyana
917,HTI,2013,140000.0,Haiti
918,HND,2013,24000.0,Honduras
919,IND,2013,2500000.0,India
920,IDN,2013,480000.0,Indonesia
921,IRN,2013,66000.0,"Iran, Islamic Republic of"
922,IRL,2013,5500.0,Ireland
923,ITA,2013,120000.0,Italy
924,JAM,2013,29000.0,Jamaica
925,JPN,2013,25000.0,Japan
926,JOR,2013,590.0,Jordan
927,KAZ,2013,18000.0,Kazakhstan
928,KEN,2013,1400000.0,Kenya
929,KGZ,2013,5300.0,Kyrgyzstan
930,LAO,2013,11000.0,Lao People's Democratic Republic
931,LBN,2013,1900.0,Lebanon
932,LSO,2013,290000.0,Lesotho
933,LBR,2013,38000.0,Liberia
934,LBY,2013,5600.0,Libyan Arab Jamahiriya
935,MDG,2013,18000.0,Madagascar
936,MWI,2013,950000.0,Malawi
937,MYS,2013,76000.0,Malaysia
938,MLI,2013,120000.0,Mali
939,MRT,2013,9300.0,Mauritania
940,MUS,2013,13000.0,Mauritius
941,MEX,2013,260000.0,Mexico
942,MAR,2013,20000.0,Morocco
943,MOZ,2013,1700000.0,Mozambique
944,NAM,2013,190000.0,Namibia
945,NPL,2013,29000.0,Nepal
946,NLD,2013,22000.0,Netherlands
947,NZL,2013,2800.0,New Zealand
948,NIC,2013,8600.0,Nicaragua
949,NER,2013,34000.0,Niger
950,NGA,2013,1500000.0,Nigeria
951,PAK,2013,100000.0,Pakistan
952,PAN,2013,22000.0,Panama
953,PNG,2013,38000.0,Papua New Guinea
954,PRY,2013,16000.0,Paraguay
955,PER,2013,64000.0,Peru
956,PHL,2013,34000.0,Philippines
957,PRT,2013,40000.0,Portugal
958,MDA,2013,14000.0,Moldova
959,ROU,2013,16000.0,Romania
960,RWA,2013,220000.0,Rwanda
961,STP,2013,620.0,Sao Tome and Principe
962,SAU,2013,6200.0,Saudi Arabia
963,SEN,2013,44000.0,Senegal
964,SRB,2013,2200.0,Serbia
965,SLE,2013,71000.0,Sierra Leone
966,SGP,2013,7100.0,Singapore
967,SOM,2013,12000.0,Somalia
968,ZAF,2013,6600000.0,South Africa
969,SSD,2013,150000.0,NF
970,ESP,2013,140000.0,Spain
971,LKA,2013,3900.0,Sri Lanka
972,SDN,2013,43000.0,Sudan
973,SUR,2013,4900.0,Suriname
974,CHE,2013,16000.0,Switzerland
975,SYR,2013,610.0,Syrian Arab Republic
976,TJK,2013,8900.0,Tajikistan
977,THA,2013,580000.0,Thailand
978,TLS,2013,670.0,Timor-Leste
979,TTO,2013,12000.0,Trinidad and Tobago
980,TUN,2013,3100.0,Tunisia
981,UGA,2013,1200000.0,Uganda
982,UKR,2013,220000.0,Ukraine
983,ARE,2013,500.0,United Arab Emirates
984,TZA,2013,1500000.0,United Republic of Tanzania
985,USA,2013,1000000.0,United States of America
986,URY,2013,8600.0,Uruguay
987,UZB,2013,36000.0,Uzbekistan
988,VEN,2013,120000.0,Venezuela (Bolivarian Republic of)
989,VNM,2013,230000.0,Viet Nam
990,YEM,2013,6400.0,Yemen
991,ZMB,2013,1200000.0,Zambia
992,ZWE,2013,1200000.0,Zimbabwe
993,AFG,2012,5600.0,Afghanistan
994,ALB,2012,810.0,Albania
995,DZA,2012,7300.0,Algeria
996,AGO,2012,270000.0,Angola
997,ARM,2012,3900.0,Armenia
998,AUS,2012,23000.0,Australia
999,AZE,2012,8800.0,Azerbaijan
1000,BHS,2012,4800.0,Bahamas
1001,BLR,2012,18000.0,Belarus
1002,BLZ,2012,3100.0,Belize
1003,BEN,2012,71000.0,Benin
1004,BOL,2012,12000.0,Bolivia
1005,BWA,2012,340000.0,Botswana
1006,BRA,2012,700000.0,Brazil
1007,BFA,2012,120000.0,Burkina Faso
1008,BDI,2012,91000.0,Burundi
1009,KHM,2012,81000.0,Cambodia
1010,CMR,2012,520000.0,Cameroon
1011,CAN,2012,53000.0,Canada
1012,CPV,2012,2000.0,Cape Verde
1013,CHL,2012,42000.0,Chile
1014,COL,2012,130000.0,Colombia
1015,COG,2012,92000.0,Congo
1016,CRI,2012,8000.0,Costa Rica
1017,CIV,2012,470000.0,Côte d'Ivoire
1018,HRV,2012,1200.0,Croatia
1019,CUB,2012,21000.0,Cuba
1020,COD,2012,530000.0,Democratic Republic of the Congo
1021,DNK,2012,5800.0,Denmark
1022,DJI,2012,9800.0,Djibouti
1023,DOM,2012,73000.0,Dominican Republic
1024,ECU,2012,34000.0,Ecuador
1025,EGY,2012,7400.0,Egypt
1026,SLV,2012,22000.0,El Salvador
1027,GNQ,2012,41000.0,Equatorial Guinea
1028,ERI,2012,15000.0,Eritrea
1029,EST,2012,6000.0,Estonia
1030,SWZ,2012,180000.0,Swaziland
1031,ETH,2012,650000.0,Ethiopia
1032,GAB,2012,46000.0,Gabon
1033,GMB,2012,22000.0,Gambia
1034,GEO,2012,4100.0,Georgia
1035,DEU,2012,75000.0,Germany
1036,GHA,2012,320000.0,Ghana
1037,GRC,2012,12000.0,Greece
1038,GTM,2012,35000.0,Guatemala
1039,GIN,2012,97000.0,Guinea
1040,GNB,2012,37000.0,Guinea-Bissau
1041,GUY,2012,7600.0,Guyana
1042,HTI,2012,140000.0,Haiti
1043,HND,2012,24000.0,Honduras
1044,IND,2012,2600000.0,India
1045,IDN,2012,450000.0,Indonesia
1046,IRN,2012,68000.0,"Iran, Islamic Republic of"
1047,IRL,2012,5200.0,Ireland
1048,ITA,2012,120000.0,Italy
1049,JAM,2012,28000.0,Jamaica
1050,JPN,2012,24000.0,Japan
1051,KAZ,2012,17000.0,Kazakhstan
1052,KEN,2012,1400000.0,Kenya
1053,KGZ,2012,4800.0,Kyrgyzstan
1054,LAO,2012,10000.0,Lao People's Democratic Republic
1055,LBN,2012,1700.0,Lebanon
1056,LSO,2012,290000.0,Lesotho
1057,LBR,2012,39000.0,Liberia
1058,LBY,2012,5600.0,Libyan Arab Jamahiriya
1059,MDG,2012,16000.0,Madagascar
1060,MWI,2012,940000.0,Malawi
1061,MYS,2012,75000.0,Malaysia
1062,MLI,2012,120000.0,Mali
1063,MRT,2012,9500.0,Mauritania
1064,MUS,2012,13000.0,Mauritius
1065,MEX,2012,250000.0,Mexico
1066,MAR,2012,19000.0,Morocco
1067,MOZ,2012,1600000.0,Mozambique
1068,NAM,2012,190000.0,Namibia
1069,NPL,2012,30000.0,Nepal
1070,NLD,2012,21000.0,Netherlands
1071,NZL,2012,2700.0,New Zealand
1072,NIC,2012,8200.0,Nicaragua
1073,NER,2012,35000.0,Niger
1074,NGA,2012,1500000.0,Nigeria
1075,PAK,2012,90000.0,Pakistan
1076,PAN,2012,21000.0,Panama
1077,PNG,2012,36000.0,Papua New Guinea
1078,PRY,2012,16000.0,Paraguay
1079,PER,2012,62000.0,Peru
1080,PHL,2012,27000.0,Philippines
1081,PRT,2012,39000.0,Portugal
1082,MDA,2012,14000.0,Moldova
1083,ROU,2012,16000.0,Romania
1084,RWA,2012,220000.0,Rwanda
1085,STP,2012,650.0,Sao Tome and Principe
1086,SAU,2012,5700.0,Saudi Arabia
1087,SEN,2012,45000.0,Senegal
1088,SRB,2012,2100.0,Serbia
1089,SLE,2012,69000.0,Sierra Leone
1090,SGP,2012,6800.0,Singapore
1091,SOM,2012,12000.0,Somalia
1092,ZAF,2012,6300000.0,South Africa
1093,SSD,2012,150000.0,NF
1094,ESP,2012,130000.0,Spain
1095,LKA,2012,3900.0,Sri Lanka
1096,SDN,2012,43000.0,Sudan
1097,SUR,2012,4900.0,Suriname
1098,CHE,2012,16000.0,Switzerland
1099,TJK,2012,7700.0,Tajikistan
1100,THA,2012,590000.0,Thailand
1101,TTO,2012,12000.0,Trinidad and Tobago
1102,TUN,2012,3000.0,Tunisia
1103,UGA,2012,1200000.0,Uganda
1104,UKR,2012,220000.0,Ukraine
1105,ARE,2012,200.0,United Arab Emirates
1106,TZA,2012,1400000.0,United Republic of Tanzania
1107,USA,2012,1000000.0,United States of America
1108,URY,2012,8300.0,Uruguay
1109,UZB,2012,33000.0,Uzbekistan
1110,VEN,2012,120000.0,Venezuela (Bolivarian Republic of)
1111,VNM,2012,220000.0,Viet Nam
1112,YEM,2012,5900.0,Yemen
1113,ZMB,2012,1100000.0,Zambia
1114,ZWE,2012,1200000.0,Zimbabwe
1115,AFG,2011,5100.0,Afghanistan
1116,ALB,2011,720.0,Albania
1117,DZA,2011,6500.0,Algeria
1118,AGO,2011,260000.0,Angola
1119,ARG,2011,100000.0,Argentina
1120,ARM,2011,3900.0,Armenia
1121,AUS,2011,22000.0,Australia
1122,AZE,2011,8700.0,Azerbaijan
1123,BHS,2011,4700.0,Bahamas
1124,BLR,2011,16000.0,Belarus
1125,BLZ,2011,3000.0,Belize
1126,BEN,2011,70000.0,Benin
1127,BOL,2011,12000.0,Bolivia
1128,BWA,2011,340000.0,Botswana
1129,BRA,2011,670000.0,Brazil
1130,BFA,2011,120000.0,Burkina Faso
1131,BDI,2011,93000.0,Burundi
1132,KHM,2011,81000.0,Cambodia
1133,CMR,2011,520000.0,Cameroon
1134,CAN,2011,52000.0,Canada
1135,CPV,2011,1900.0,Cape Verde
1136,CAF,2011,120000.0,Central African Republic
1137,CHL,2011,39000.0,Chile
1138,COL,2011,130000.0,Colombia
1139,COG,2011,90000.0,Congo
1140,CRI,2011,7500.0,Costa Rica
1141,CIV,2011,480000.0,Côte d'Ivoire
1142,HRV,2011,1100.0,Croatia
1143,CUB,2011,19000.0,Cuba
1144,COD,2011,530000.0,Democratic Republic of the Congo
1145,DNK,2011,5600.0,Denmark
1146,DJI,2011,10000.0,Djibouti
1147,DOM,2011,73000.0,Dominican Republic
1148,ECU,2011,32000.0,Ecuador
1149,EGY,2011,6300.0,Egypt
1150,SLV,2011,22000.0,El Salvador
1151,GNQ,2011,38000.0,Equatorial Guinea
1152,ERI,2011,16000.0,Eritrea
1153,EST,2011,5800.0,Estonia
1154,SWZ,2011,180000.0,Swaziland
1155,ETH,2011,650000.0,Ethiopia
1156,GAB,2011,46000.0,Gabon
1157,GMB,2011,22000.0,Gambia
1158,GEO,2011,3600.0,Georgia
1159,DEU,2011,72000.0,Germany
1160,GHA,2011,310000.0,Ghana
1161,GRC,2011,12000.0,Greece
1162,GTM,2011,35000.0,Guatemala
1163,GIN,2011,95000.0,Guinea
1164,GNB,2011,37000.0,Guinea-Bissau
1165,GUY,2011,7300.0,Guyana
1166,HTI,2011,140000.0,Haiti
1167,HND,2011,24000.0,Honduras
1168,ISL,2011,500.0,Iceland
1169,IND,2011,2700000.0,India
1170,IDN,2011,430000.0,Indonesia
1171,IRN,2011,69000.0,"Iran, Islamic Republic of"
1172,IRL,2011,4900.0,Ireland
1173,JAM,2011,28000.0,Jamaica
1174,JPN,2011,23000.0,Japan
1175,KAZ,2011,16000.0,Kazakhstan
1176,KEN,2011,1400000.0,Kenya
1177,KGZ,2011,4300.0,Kyrgyzstan
1178,LAO,2011,9800.0,Lao People's Democratic Republic
1179,LBN,2011,1500.0,Lebanon
1180,LSO,2011,280000.0,Lesotho
1181,LBR,2011,39000.0,Liberia
1182,LBY,2011,5600.0,Libyan Arab Jamahiriya
1183,MDG,2011,13000.0,Madagascar
1184,MWI,2011,930000.0,Malawi
1185,MYS,2011,74000.0,Malaysia
1186,MLI,2011,120000.0,Mali
1187,MRT,2011,9600.0,Mauritania
1188,MUS,2011,13000.0,Mauritius
1189,MEX,2011,240000.0,Mexico
1190,MAR,2011,19000.0,Morocco
1191,MOZ,2011,1600000.0,Mozambique
1192,NAM,2011,190000.0,Namibia
1193,NPL,2011,31000.0,Nepal
1194,NLD,2011,20000.0,Netherlands
1195,NZL,2011,2500.0,New Zealand
1196,NIC,2011,7800.0,Nicaragua
1197,NER,2011,36000.0,Niger
1198,NGA,2011,1400000.0,Nigeria
1199,PAK,2011,79000.0,Pakistan
1200,PAN,2011,20000.0,Panama
1201,PNG,2011,34000.0,Papua New Guinea
1202,PRY,2011,16000.0,Paraguay
1203,PER,2011,60000.0,Peru
1204,PHL,2011,21000.0,Philippines
1205,PRT,2011,39000.0,Portugal
1206,MDA,2011,14000.0,Moldova
1207,ROU,2011,16000.0,Romania
1208,RWA,2011,210000.0,Rwanda
1209,STP,2011,670.0,Sao Tome and Principe
1210,SAU,2011,5200.0,Saudi Arabia
1211,SEN,2011,46000.0,Senegal
1212,SRB,2011,1900.0,Serbia
1213,SLE,2011,68000.0,Sierra Leone
1214,SGP,2011,6500.0,Singapore
1215,SOM,2011,13000.0,Somalia
1216,ZAF,2011,6100000.0,South Africa
1217,SSD,2011,150000.0,NF
1218,ESP,2011,130000.0,Spain
1219,LKA,2011,3900.0,Sri Lanka
1220,SDN,2011,42000.0,Sudan
1221,SUR,2011,4800.0,Suriname
1222,CHE,2011,15000.0,Switzerland
1223,TJK,2011,6500.0,Tajikistan
1224,THA,2011,610000.0,Thailand
1225,TTO,2011,12000.0,Trinidad and Tobago
1226,TUN,2011,2800.0,Tunisia
1227,UGA,2011,1200000.0,Uganda
1228,UKR,2011,220000.0,Ukraine
1229,TZA,2011,1400000.0,United Republic of Tanzania
1230,USA,2011,990000.0,United States of America
1231,URY,2011,7900.0,Uruguay
1232,UZB,2011,29000.0,Uzbekistan
1233,VNM,2011,220000.0,Viet Nam
1234,YEM,2011,5400.0,Yemen
1235,ZMB,2011,1100000.0,Zambia
1236,ZWE,2011,1200000.0,Zimbabwe
1237,AFG,2010,4600.0,Afghanistan
1238,ALB,2010,630.0,Albania
1239,DZA,2010,5800.0,Algeria
1240,AGO,2010,250000.0,Angola
1241,ARG,2010,100000.0,Argentina
1242,ARM,2010,3900.0,Armenia
1243,AUS,2010,21000.0,Australia
1244,AZE,2010,8600.0,Azerbaijan
1245,BHS,2010,4600.0,Bahamas
1246,BLR,2010,14000.0,Belarus
1247,BLZ,2010,2900.0,Belize
1248,BEN,2010,68000.0,Benin
1249,BOL,2010,12000.0,Bolivia
1250,BWA,2010,330000.0,Botswana
1251,BRA,2010,640000.0,Brazil
1252,BFA,2010,120000.0,Burkina Faso
1253,BDI,2010,95000.0,Burundi
1254,KHM,2010,82000.0,Cambodia
1255,CMR,2010,520000.0,Cameroon
1256,CAN,2010,50000.0,Canada
1257,CPV,2010,1900.0,Cape Verde
1258,CAF,2010,120000.0,Central African Republic
1259,CHL,2010,36000.0,Chile
1260,COL,2010,120000.0,Colombia
1261,COG,2010,88000.0,Congo
1262,CRI,2010,7000.0,Costa Rica
1263,CIV,2010,500000.0,Côte d'Ivoire
1264,HRV,2010,1100.0,Croatia
1265,CUB,2010,17000.0,Cuba
1266,COD,2010,540000.0,Democratic Republic of the Congo
1267,DNK,2010,5400.0,Denmark
1268,DJI,2010,11000.0,Djibouti
1269,DOM,2010,74000.0,Dominican Republic
1270,ECU,2010,31000.0,Ecuador
1271,EGY,2010,5400.0,Egypt
1272,SLV,2010,21000.0,El Salvador
1273,GNQ,2010,34000.0,Equatorial Guinea
1274,ERI,2010,16000.0,Eritrea
1275,EST,2010,5600.0,Estonia
1276,SWZ,2010,170000.0,Swaziland
1277,ETH,2010,650000.0,Ethiopia
1278,GAB,2010,45000.0,Gabon
1279,GMB,2010,21000.0,Gambia
1280,GEO,2010,3100.0,Georgia
1281,DEU,2010,70000.0,Germany
1282,GHA,2010,310000.0,Ghana
1283,GRC,2010,11000.0,Greece
1284,GTM,2010,34000.0,Guatemala
1285,GIN,2010,92000.0,Guinea
1286,GNB,2010,36000.0,Guinea-Bissau
1287,GUY,2010,7100.0,Guyana
1288,HTI,2010,140000.0,Haiti
1289,HND,2010,25000.0,Honduras
1290,ISL,2010,500.0,Iceland
1291,IND,2010,2700000.0,India
1292,IDN,2010,390000.0,Indonesia
1293,IRN,2010,70000.0,"Iran, Islamic Republic of"
1294,IRL,2010,4600.0,Ireland
1295,JAM,2010,27000.0,Jamaica
1296,JPN,2010,22000.0,Japan
1297,KAZ,2010,15000.0,Kazakhstan
1298,KEN,2010,1400000.0,Kenya
1299,KGZ,2010,3800.0,Kyrgyzstan
1300,LAO,2010,9000.0,Lao People's Democratic Republic
1301,LBN,2010,1400.0,Lebanon
1302,LSO,2010,280000.0,Lesotho
1303,LBR,2010,39000.0,Liberia
1304,LBY,2010,5600.0,Libyan Arab Jamahiriya
1305,MDG,2010,11000.0,Madagascar
1306,MWI,2010,930000.0,Malawi
1307,MYS,2010,73000.0,Malaysia
1308,MLI,2010,120000.0,Mali
1309,MRT,2010,9600.0,Mauritania
1310,MUS,2010,12000.0,Mauritius
1311,MEX,2010,230000.0,Mexico
1312,MAR,2010,18000.0,Morocco
1313,MOZ,2010,1500000.0,Mozambique
1314,NAM,2010,180000.0,Namibia
1315,NPL,2010,31000.0,Nepal
1316,NLD,2010,20000.0,Netherlands
1317,NZL,2010,2400.0,New Zealand
1318,NIC,2010,7500.0,Nicaragua
1319,NER,2010,37000.0,Niger
1320,NGA,2010,1400000.0,Nigeria
1321,PAK,2010,67000.0,Pakistan
1322,PAN,2010,19000.0,Panama
1323,PNG,2010,33000.0,Papua New Guinea
1324,PRY,2010,15000.0,Paraguay
1325,PER,2010,59000.0,Peru
1326,PHL,2010,17000.0,Philippines
1327,PRT,2010,38000.0,Portugal
1328,MDA,2010,13000.0,Moldova
1329,ROU,2010,15000.0,Romania
1330,RWA,2010,210000.0,Rwanda
1331,STP,2010,690.0,Sao Tome and Principe
1332,SAU,2010,4800.0,Saudi Arabia
1333,SEN,2010,47000.0,Senegal
1334,SRB,2010,1800.0,Serbia
1335,SLE,2010,66000.0,Sierra Leone
1336,SGP,2010,6100.0,Singapore
1337,SOM,2010,14000.0,Somalia
1338,ZAF,2010,5800000.0,South Africa
1339,SSD,2010,140000.0,NF
1340,ESP,2010,130000.0,Spain
1341,LKA,2010,3900.0,Sri Lanka
1342,SDN,2010,42000.0,Sudan
1343,SUR,2010,4700.0,Suriname
1344,CHE,2010,15000.0,Switzerland
1345,TJK,2010,5200.0,Tajikistan
1346,THA,2010,620000.0,Thailand
1347,TTO,2010,12000.0,Trinidad and Tobago
1348,TUN,2010,2700.0,Tunisia
1349,UGA,2010,1200000.0,Uganda
1350,UKR,2010,230000.0,Ukraine
1351,TZA,2010,1400000.0,United Republic of Tanzania
1352,USA,2010,960000.0,United States of America
1353,URY,2010,7600.0,Uruguay
1354,UZB,2010,24000.0,Uzbekistan
1355,VNM,2010,210000.0,Viet Nam
1356,YEM,2010,5000.0,Yemen
1357,ZMB,2010,1100000.0,Zambia
1358,ZWE,2010,1200000.0,Zimbabwe
1359,COM,2020,200.0,Comoros
1360,QAT,2020,200.0,Qatar
1361,COM,2019,200.0,Comoros
1362,QAT,2019,200.0,Qatar
1363,COM,2018,200.0,Comoros
1364,QAT,2018,200.0,Qatar
1365,COM,2017,200.0,Comoros
1366,QAT,2017,100.0,Qatar
1367,COM,2016,200.0,Comoros
1368,QAT,2016,100.0,Qatar
1369,COM,2015,200.0,Comoros
1370,QAT,2015,100.0,Qatar
1371,COM,2014,200.0,Comoros
1372,QAT,2014,100.0,Qatar
1373,COM,2013,200.0,Comoros
1374,QAT,2013,100.0,Qatar
1375,COM,2012,200.0,Comoros
1376,QAT,2012,100.0,Qatar
1377,COM,2011,200.0,Comoros
1378,QAT,2011,100.0,Qatar
1379,ARE,2011,200.0,United Arab Emirates
1380,COM,2010,200.0,Comoros
1381,QAT,2010,100.0,Qatar
1382,ARE,2010,200.0,United Arab Emirates
1383,TCD,2020,110000.0,Chad
1384,COG,2020,110000.0,Congo
1385,GIN,2020,110000.0,Guinea
1386,MLI,2020,110000.0,Mali
1387,TGO,2020,110000.0,Togo
1388,TCD,2019,110000.0,Chad
1389,COG,2019,110000.0,Congo
1390,GIN,2019,110000.0,Guinea
1391,MLI,2019,110000.0,Mali
1392,TGO,2019,110000.0,Togo
1393,TCD,2018,110000.0,Chad
1394,COG,2018,110000.0,Congo
1395,GIN,2018,110000.0,Guinea
1396,MLI,2018,110000.0,Mali
1397,TGO,2018,110000.0,Togo
1398,VEN,2018,110000.0,Venezuela (Bolivarian Republic of)
1399,TCD,2017,110000.0,Chad
1400,GIN,2017,110000.0,Guinea
1401,MLI,2017,110000.0,Mali
1402,TGO,2017,110000.0,Togo
1403,VEN,2017,110000.0,Venezuela (Bolivarian Republic of)
1404,BFA,2016,110000.0,Burkina Faso
1405,TCD,2016,110000.0,Chad
1406,GIN,2016,110000.0,Guinea
1407,MLI,2016,110000.0,Mali
1408,TGO,2016,110000.0,Togo
1409,BFA,2015,110000.0,Burkina Faso
1410,TCD,2015,110000.0,Chad
1411,MLI,2015,110000.0,Mali
1412,TGO,2015,110000.0,Togo
1413,BFA,2014,110000.0,Burkina Faso
1414,TCD,2014,110000.0,Chad
1415,MLI,2014,110000.0,Mali
1416,PAK,2014,110000.0,Pakistan
1417,TGO,2014,110000.0,Togo
1418,ARG,2013,110000.0,Argentina
1419,CAF,2013,110000.0,Central African Republic
1420,TCD,2013,110000.0,Chad
1421,TGO,2013,110000.0,Togo
1422,ARG,2012,110000.0,Argentina
1423,CAF,2012,110000.0,Central African Republic
1424,TCD,2012,110000.0,Chad
1425,TGO,2012,110000.0,Togo
1426,TCD,2011,110000.0,Chad
1427,ITA,2011,110000.0,Italy
1428,TGO,2011,110000.0,Togo
1429,VEN,2011,110000.0,Venezuela (Bolivarian Republic of)
1430,TCD,2010,110000.0,Chad
1431,ITA,2010,110000.0,Italy
1432,TGO,2010,110000.0,Togo
1433,VEN,2010,110000.0,Venezuela (Bolivarian Republic of)
1434,BTN,2020,1300.0,Bhutan
1435,ISL,2020,500.0,Iceland
1436,STP,2020,530.0,Sao Tome and Principe
1437,ARE,2020,540.0,United Arab Emirates
1438,BTN,2019,1300.0,Bhutan
1439,ISL,2019,500.0,Iceland
1440,STP,2019,540.0,Sao Tome and Principe
1441,ARE,2019,500.0,United Arab Emirates
1442,BTN,2018,1300.0,Bhutan
1443,ISL,2018,500.0,Iceland
1444,STP,2018,550.0,Sao Tome and Principe
1445,ARE,2018,500.0,United Arab Emirates
1446,BTN,2017,1300.0,Bhutan
1447,ISL,2017,500.0,Iceland
1448,STP,2017,560.0,Sao Tome and Principe
1449,ARE,2017,500.0,United Arab Emirates
1450,BTN,2016,1300.0,Bhutan
1451,ISL,2016,500.0,Iceland
1452,MNG,2016,560.0,Mongolia
1453,STP,2016,570.0,Sao Tome and Principe
1454,ARE,2016,500.0,United Arab Emirates
1455,BTN,2015,1200.0,Bhutan
1456,ISL,2015,500.0,Iceland
1457,MNG,2015,540.0,Mongolia
1458,STP,2015,590.0,Sao Tome and Principe
1459,SVN,2015,770.0,Slovenia
1460,ARE,2015,500.0,United Arab Emirates
1461,BTN,2014,1200.0,Bhutan
1462,ISL,2014,500.0,Iceland
1463,MNG,2014,510.0,Mongolia
1464,STP,2014,600.0,Sao Tome and Principe
1465,SVN,2014,750.0,Slovenia
1466,BTN,2013,1200.0,Bhutan
1467,FJI,2013,650.0,Fiji
1468,ISL,2013,500.0,Iceland
1469,MNG,2013,500.0,Mongolia
1470,SVN,2013,730.0,Slovenia
1471,BTN,2012,1200.0,Bhutan
1472,FJI,2012,580.0,Fiji
1473,ISL,2012,500.0,Iceland
1474,JOR,2012,540.0,Jordan
1475,MNG,2012,500.0,Mongolia
1476,SVN,2012,710.0,Slovenia
1477,SYR,2012,580.0,Syrian Arab Republic
1478,TLS,2012,600.0,Timor-Leste
1479,BTN,2011,1200.0,Bhutan
1480,FJI,2011,530.0,Fiji
1481,JOR,2011,500.0,Jordan
1482,MNG,2011,500.0,Mongolia
1483,SVN,2011,680.0,Slovenia
1484,SYR,2011,540.0,Syrian Arab Republic
1485,TLS,2011,540.0,Timor-Leste
1486,BTN,2010,1200.0,Bhutan
1487,FJI,2010,500.0,Fiji
1488,JOR,2010,500.0,Jordan
1489,MNG,2010,500.0,Mongolia
1490,SVN,2010,640.0,Slovenia
1491,SYR,2010,510.0,Syrian Arab Republic
1492,TLS,2010,500.0,Timor-Leste
